{
  "super_mediator": "Super-Mediator",
  "influence": 0.6349064230918884,
  "stability": 4.91818950393903,
  "top_neighbors": [
    [
      "freedom",
      0.6416459679603577
    ],
    [
      "promote",
      0.6416158676147461
    ],
    [
      "social",
      0.631635308265686
    ],
    [
      "fundamental",
      0.6297861337661743
    ],
    [
      "innovation",
      0.6226887106895447
    ],
    [
      "emphasis",
      0.6218640208244324
    ],
    [
      "respect",
      0.6212843656539917
    ],
    [
      "commitment",
      0.6150625944137573
    ],
    [
      "should",
      0.6125814318656921
    ],
    [
      "development",
      0.6121712327003479
    ]
  ]
}