type,contradiction,influence,influence_pct,energy_reduction,energy_pct
Revolutionary,innovation vs tradition,8.702240336424236,77.5,77.67179021789826,99.16666666666667
Peacemaker,justice vs mercy,7.971724131283647,36.66666666666667,65.79762010485227,35.0
